# 選択項目リスト

## 連結演算子 

連結演算子は列や定数をつなげて一つの列にする演算子である。`mariadb`の場合は、||ではなくCONCATを使う。

```sql
SELECT CONCAT(CustomerName,":",Address) as 社名と住所 FROM Customers;
```
```bash
+-----------------------------------+
| 社名と住所                        |
+-----------------------------------+
| Acme Corporation:123 Maple Street |
| Beta Inc.:456 Oak Avenue          |
| Gamma LLC:789 Pine Road           |
| Delta Ltd.:101 Cedar Blvd         |
| Epsilon Industries:202 Birch Way  |
+-----------------------------------+
```

## DISTINCT

DISTINCTは重複を排除する演算子である。複数の列に適用され、特定の列だけに働くことはない。

```sql
SELECT DISTINCT LineNumber , ProductCode FROM OrderDetails;
```
```bash
+------------+-------------+
| LineNumber | ProductCode |
+------------+-------------+
|          1 | P001        |
|          2 | P002        |
|          1 | P002        |
|          1 | P003        |
|          2 | P003        |
|          2 | P004        |
|          1 | P004        |
|          2 | P005        |
+------------+-------------+
8 rows in set (0.000 sec)
```
```sql
SELECT LineNumber , ProductCode FROM OrderDetails;
```
```
+------------+-------------+
| LineNumber | ProductCode |
+------------+-------------+
|          1 | P001        |
|          1 | P001        |
|          2 | P002        |
|          1 | P002        |
|          1 | P003        |
|          2 | P003        |
|          2 | P004        |
|          1 | P004        |
|          2 | P005        |
|          2 | P005        |
+------------+-------------+
10 rows in set (0.000 sec)
```

## COALESCE

可変長の引数をとり、NULLでないものを返す。複数がNULLでないなら、一番左側にある引数が返される。

```sql
SELECT COALESCE(NULL, Address, CustomerName) 社名 FROM Customers;
```
```bash
+------------------+
| 社名             |
+------------------+
| 123 Maple Street |
| 456 Oak Avenue   |
| 789 Pine Road    |
| 101 Cedar Blvd   |
| 202 Birch Way    |
+------------------+
```
```sql
SELECT COALESCE(NULL, CustomerName, Address) 住所 FROM Customers;
```
```bash
+--------------------+
| 住所               |
+--------------------+
| Acme Corporation   |
| Beta Inc.          |
| Gamma LLC          |
| Delta Ltd.         |
| Epsilon Industries |
+--------------------+
```

## CASE

CASEを使うと条件式を書くことができる。

```sql
SELECT InventoryCode,
    CASE
        WHEN Quantity < 70 THEN CONCAT("在庫が", 70 - Quantity, "個不足しています")
        ELSE "在庫は十分です"
    END 在庫状況
FROM Inventory;
```
```bash
+---------------+-------------------------------------+
| InventoryCode | 在庫状況                            |
+---------------+-------------------------------------+
| I001          | 在庫は十分です                      |
| I002          | 在庫が20個不足しています            |
| I003          | 在庫は十分です                      |
| I004          | 在庫が10個不足しています            |
| I005          | 在庫が30個不足しています            |
+---------------+-------------------------------------+
```